<PAMDataset>
  <Metadata>
    <MDI key="DataType">Generic</MDI>
  </Metadata>
  <PAMRasterBand band="1">
    <Metadata>
      <MDI key="SourceBandIndex">0</MDI>
      <MDI key="STATISTICS_COVARIANCES">2805.854756922847</MDI>
      <MDI key="STATISTICS_EXCLUDEDVALUES"></MDI>
      <MDI key="STATISTICS_MAXIMUM">508.72750854492</MDI>
      <MDI key="STATISTICS_MEAN">383.79786585289</MDI>
      <MDI key="STATISTICS_MINIMUM">267.92715454102</MDI>
      <MDI key="STATISTICS_SKIPFACTORX">1</MDI>
      <MDI key="STATISTICS_SKIPFACTORY">1</MDI>
      <MDI key="STATISTICS_STDDEV">52.970319584866</MDI>
    </Metadata>
  </PAMRasterBand>
</PAMDataset>
