<PAMDataset>
  <Metadata>
    <MDI key="DataType">Generic</MDI>
  </Metadata>
  <PAMRasterBand band="1">
    <Metadata>
      <MDI key="SourceBandIndex">0</MDI>
      <MDI key="STATISTICS_COVARIANCES">3894.331968434439</MDI>
      <MDI key="STATISTICS_EXCLUDEDVALUES"></MDI>
      <MDI key="STATISTICS_MAXIMUM">2330.2407226563</MDI>
      <MDI key="STATISTICS_MEAN">2227.9779136428</MDI>
      <MDI key="STATISTICS_MINIMUM">2091.111328125</MDI>
      <MDI key="STATISTICS_SKIPFACTORX">1</MDI>
      <MDI key="STATISTICS_SKIPFACTORY">1</MDI>
      <MDI key="STATISTICS_STDDEV">62.40458291211</MDI>
    </Metadata>
  </PAMRasterBand>
</PAMDataset>
