<PAMDataset>
  <Metadata>
    <MDI key="DataType">Generic</MDI>
  </Metadata>
  <PAMRasterBand band="1">
    <Metadata>
      <MDI key="SourceBandIndex">0</MDI>
      <MDI key="STATISTICS_COVARIANCES">10744.96378318854</MDI>
      <MDI key="STATISTICS_EXCLUDEDVALUES"></MDI>
      <MDI key="STATISTICS_MAXIMUM">1426.6867957031</MDI>
      <MDI key="STATISTICS_MEAN">1088.6095646183</MDI>
      <MDI key="STATISTICS_MINIMUM">918.344540625</MDI>
      <MDI key="STATISTICS_SKIPFACTORX">1</MDI>
      <MDI key="STATISTICS_SKIPFACTORY">1</MDI>
      <MDI key="STATISTICS_STDDEV">103.65791712739</MDI>
    </Metadata>
  </PAMRasterBand>
</PAMDataset>
