<PAMDataset>
  <Metadata>
    <MDI key="DataType">Generic</MDI>
  </Metadata>
  <PAMRasterBand band="1">
    <Metadata>
      <MDI key="SourceBandIndex">0</MDI>
      <MDI key="STATISTICS_COVARIANCES">1264.72966583929</MDI>
      <MDI key="STATISTICS_EXCLUDEDVALUES"></MDI>
      <MDI key="STATISTICS_MAXIMUM">995.40543691406</MDI>
      <MDI key="STATISTICS_MEAN">873.74361980126</MDI>
      <MDI key="STATISTICS_MINIMUM">809.10745019531</MDI>
      <MDI key="STATISTICS_SKIPFACTORX">1</MDI>
      <MDI key="STATISTICS_SKIPFACTORY">1</MDI>
      <MDI key="STATISTICS_STDDEV">35.563037916344</MDI>
    </Metadata>
  </PAMRasterBand>
</PAMDataset>
