<PAMDataset>
  <Metadata>
    <MDI key="DataType">Generic</MDI>
  </Metadata>
  <PAMRasterBand band="1">
    <Metadata>
      <MDI key="SourceBandIndex">0</MDI>
      <MDI key="STATISTICS_COVARIANCES">702.1023537377765</MDI>
      <MDI key="STATISTICS_EXCLUDEDVALUES"></MDI>
      <MDI key="STATISTICS_MAXIMUM">889.44338378906</MDI>
      <MDI key="STATISTICS_MEAN">776.43782846691</MDI>
      <MDI key="STATISTICS_MINIMUM">736.30378242187</MDI>
      <MDI key="STATISTICS_SKIPFACTORX">1</MDI>
      <MDI key="STATISTICS_SKIPFACTORY">1</MDI>
      <MDI key="STATISTICS_STDDEV">26.497214075026</MDI>
    </Metadata>
  </PAMRasterBand>
</PAMDataset>
