<PAMDataset>
  <Metadata>
    <MDI key="DataType">Generic</MDI>
  </Metadata>
  <PAMRasterBand band="1">
    <Metadata>
      <MDI key="SourceBandIndex">0</MDI>
      <MDI key="STATISTICS_COVARIANCES">2219.086251198311</MDI>
      <MDI key="STATISTICS_EXCLUDEDVALUES"></MDI>
      <MDI key="STATISTICS_MAXIMUM">1090.5739746094</MDI>
      <MDI key="STATISTICS_MEAN">987.32210416469</MDI>
      <MDI key="STATISTICS_MINIMUM">897.82647705078</MDI>
      <MDI key="STATISTICS_SKIPFACTORX">1</MDI>
      <MDI key="STATISTICS_SKIPFACTORY">1</MDI>
      <MDI key="STATISTICS_STDDEV">47.107178340443</MDI>
    </Metadata>
  </PAMRasterBand>
</PAMDataset>
