<PAMDataset>
  <Metadata>
    <MDI key="DataType">Generic</MDI>
  </Metadata>
  <PAMRasterBand band="1">
    <Metadata>
      <MDI key="SourceBandIndex">0</MDI>
      <MDI key="STATISTICS_COVARIANCES">1249.985487687121</MDI>
      <MDI key="STATISTICS_EXCLUDEDVALUES"></MDI>
      <MDI key="STATISTICS_MAXIMUM">1077.453125</MDI>
      <MDI key="STATISTICS_MEAN">967.33882831444</MDI>
      <MDI key="STATISTICS_MINIMUM">892.20654296875</MDI>
      <MDI key="STATISTICS_SKIPFACTORX">1</MDI>
      <MDI key="STATISTICS_SKIPFACTORY">1</MDI>
      <MDI key="STATISTICS_STDDEV">35.355133823635</MDI>
    </Metadata>
  </PAMRasterBand>
</PAMDataset>
