<PAMDataset>
  <Metadata>
    <MDI key="DataType">Generic</MDI>
  </Metadata>
  <PAMRasterBand band="1">
    <Metadata>
      <MDI key="SourceBandIndex">0</MDI>
      <MDI key="STATISTICS_COVARIANCES">648.0345336604991</MDI>
      <MDI key="STATISTICS_EXCLUDEDVALUES"></MDI>
      <MDI key="STATISTICS_MAXIMUM">980.60247802734</MDI>
      <MDI key="STATISTICS_MEAN">906.32179567393</MDI>
      <MDI key="STATISTICS_MINIMUM">412.87622070313</MDI>
      <MDI key="STATISTICS_SKIPFACTORX">1</MDI>
      <MDI key="STATISTICS_SKIPFACTORY">1</MDI>
      <MDI key="STATISTICS_STDDEV">25.456522418832</MDI>
    </Metadata>
  </PAMRasterBand>
</PAMDataset>
