<PAMDataset>
  <Metadata>
    <MDI key="DataType">Generic</MDI>
  </Metadata>
  <PAMRasterBand band="1">
    <Metadata>
      <MDI key="SourceBandIndex">0</MDI>
      <MDI key="STATISTICS_COVARIANCES">1508.0455678096</MDI>
      <MDI key="STATISTICS_EXCLUDEDVALUES"></MDI>
      <MDI key="STATISTICS_MAXIMUM">1090.6455078125</MDI>
      <MDI key="STATISTICS_MEAN">986.26140494735</MDI>
      <MDI key="STATISTICS_MINIMUM">897.73889160156</MDI>
      <MDI key="STATISTICS_SKIPFACTORX">1</MDI>
      <MDI key="STATISTICS_SKIPFACTORY">1</MDI>
      <MDI key="STATISTICS_STDDEV">38.833562388862</MDI>
    </Metadata>
  </PAMRasterBand>
</PAMDataset>
