<PAMDataset>
  <Metadata>
    <MDI key="DataType">Generic</MDI>
  </Metadata>
  <PAMRasterBand band="1">
    <Metadata>
      <MDI key="SourceBandIndex">0</MDI>
      <MDI key="STATISTICS_COVARIANCES">1308.654492264128</MDI>
      <MDI key="STATISTICS_EXCLUDEDVALUES"></MDI>
      <MDI key="STATISTICS_MAXIMUM">932.50732421875</MDI>
      <MDI key="STATISTICS_MEAN">856.6626950574</MDI>
      <MDI key="STATISTICS_MINIMUM">788.35717773438</MDI>
      <MDI key="STATISTICS_SKIPFACTORX">1</MDI>
      <MDI key="STATISTICS_SKIPFACTORY">1</MDI>
      <MDI key="STATISTICS_STDDEV">36.175329884662</MDI>
    </Metadata>
  </PAMRasterBand>
</PAMDataset>
