<PAMDataset>
  <Metadata>
    <MDI key="DataType">Generic</MDI>
  </Metadata>
  <PAMRasterBand band="1">
    <Metadata>
      <MDI key="SourceBandIndex">0</MDI>
      <MDI key="STATISTICS_COVARIANCES">63.3310415856531</MDI>
      <MDI key="STATISTICS_EXCLUDEDVALUES"></MDI>
      <MDI key="STATISTICS_MAXIMUM">808.49426269531</MDI>
      <MDI key="STATISTICS_MEAN">790.95178107099</MDI>
      <MDI key="STATISTICS_MINIMUM">774.47155761719</MDI>
      <MDI key="STATISTICS_SKIPFACTORX">1</MDI>
      <MDI key="STATISTICS_SKIPFACTORY">1</MDI>
      <MDI key="STATISTICS_STDDEV">7.9580802701187</MDI>
    </Metadata>
  </PAMRasterBand>
</PAMDataset>
