<PAMDataset>
  <Metadata>
    <MDI key="DataType">Generic</MDI>
  </Metadata>
  <PAMRasterBand band="1">
    <Metadata>
      <MDI key="SourceBandIndex">0</MDI>
      <MDI key="STATISTICS_COVARIANCES">7563.783069364657</MDI>
      <MDI key="STATISTICS_EXCLUDEDVALUES"></MDI>
      <MDI key="STATISTICS_MAXIMUM">1855.5895996094</MDI>
      <MDI key="STATISTICS_MEAN">872.73268985799</MDI>
      <MDI key="STATISTICS_MINIMUM">719.1376953125</MDI>
      <MDI key="STATISTICS_SKIPFACTORX">1</MDI>
      <MDI key="STATISTICS_SKIPFACTORY">1</MDI>
      <MDI key="STATISTICS_STDDEV">86.970012471913</MDI>
    </Metadata>
  </PAMRasterBand>
</PAMDataset>
